"","PostcodeArea","date","ni","wkday","week","Area.covered","Population","Households","Latitude","Longitude"
"1","AL",2021-01-18,1,"Mon",3,"St Albans",249911,99209,51.7756,-0.283739
"2","AL",2021-01-21,1,"Thu",3,"St Albans",249911,99209,51.7756,-0.283739
"3","B",2021-01-26,1,"Tue",4,"Birmingham",1904293,750842,52.4651,-1.88862
"4","B",2021-01-11,2,"Mon",2,"Birmingham",1904293,750842,52.4651,-1.88862
"5","B",2021-01-25,1,"Mon",4,"Birmingham",1904293,750842,52.4651,-1.88862
"6","B",2021-01-18,1,"Mon",3,"Birmingham",1904293,750842,52.4651,-1.88862
"7","B",2021-01-19,1,"Tue",3,"Birmingham",1904293,750842,52.4651,-1.88862
"8","B",2021-01-14,2,"Thu",2,"Birmingham",1904293,750842,52.4651,-1.88862
"9","B",2021-01-05,2,"Tue",1,"Birmingham",1904293,750842,52.4651,-1.88862
"10","B",2021-01-06,1,"Wed",1,"Birmingham",1904293,750842,52.4651,-1.88862
"11","B",2021-01-04,2,"Mon",1,"Birmingham",1904293,750842,52.4651,-1.88862
"12","BA",2021-01-20,1,"Wed",3,"Bath",434539,183530,51.2292,-2.41764
"13","BA",2021-01-25,1,"Mon",4,"Bath",434539,183530,51.2292,-2.41764
"14","BA",2021-01-27,1,"Wed",4,"Bath",434539,183530,51.2292,-2.41764
"15","BB",2021-01-12,1,"Tue",2,"Blackburn",488564,202015,53.7872,-2.33418
"16","BB",2021-01-28,1,"Thu",4,"Blackburn",488564,202015,53.7872,-2.33418
"17","BB",2021-01-18,1,"Mon",3,"Blackburn",488564,202015,53.7872,-2.33418
"18","BD",2021-01-12,1,"Tue",2,"Bradford",578374,223952,53.8289,-1.82901
"19","BD",2021-01-11,1,"Mon",2,"Bradford",578374,223952,53.8289,-1.82901
"20","BD",2021-01-04,1,"Mon",1,"Bradford",578374,223952,53.8289,-1.82901
"21","BH",2021-01-26,1,"Tue",4,"Bournemouth",552110,242907,50.7505,-1.89094
"22","BH",2021-01-07,1,"Thu",1,"Bournemouth",552110,242907,50.7505,-1.89094
"23","BH",2021-01-22,1,"Fri",4,"Bournemouth",552110,242907,50.7505,-1.89094
"24","BH",2021-01-12,1,"Tue",2,"Bournemouth",552110,242907,50.7505,-1.89094
"25","BH",2021-01-18,2,"Mon",3,"Bournemouth",552110,242907,50.7505,-1.89094
"26","BH",2021-01-25,1,"Mon",4,"Bournemouth",552110,242907,50.7505,-1.89094
"27","BN",2021-01-22,1,"Fri",4,"Brighton",802838,356367,50.8289,-0.119559
"28","BN",2021-01-05,1,"Tue",1,"Brighton",802838,356367,50.8289,-0.119559
"29","BN",2021-01-15,1,"Fri",3,"Brighton",802838,356367,50.8289,-0.119559
"30","BN",2021-01-21,1,"Thu",3,"Brighton",802838,356367,50.8289,-0.119559
"31","BN",2021-01-14,1,"Thu",2,"Brighton",802838,356367,50.8289,-0.119559
"32","BN",2021-01-12,1,"Tue",2,"Brighton",802838,356367,50.8289,-0.119559
"33","BN",2021-01-19,2,"Tue",3,"Brighton",802838,356367,50.8289,-0.119559
"34","BN",2021-01-28,1,"Thu",4,"Brighton",802838,356367,50.8289,-0.119559
"35","BN",2021-01-20,1,"Wed",3,"Brighton",802838,356367,50.8289,-0.119559
"36","BR",2021-01-28,1,"Thu",4,"Bromley",299157,124954,51.3944,0.0423894
"37","BS",2021-01-11,2,"Mon",2,"Bristol",940076,398197,51.4489,-2.62238
"38","BS",2021-01-15,2,"Fri",3,"Bristol",940076,398197,51.4489,-2.62238
"39","BS",2021-01-19,1,"Tue",3,"Bristol",940076,398197,51.4489,-2.62238
"40","BS",2021-01-07,1,"Thu",1,"Bristol",940076,398197,51.4489,-2.62238
"41","BS",2021-01-26,1,"Tue",4,"Bristol",940076,398197,51.4489,-2.62238
"42","BS",2021-01-22,1,"Fri",4,"Bristol",940076,398197,51.4489,-2.62238
"43","BS",2021-01-28,2,"Thu",4,"Bristol",940076,398197,51.4489,-2.62238
"44","BS",2021-01-20,1,"Wed",3,"Bristol",940076,398197,51.4489,-2.62238
"45","BT",2021-01-08,1,"Fri",2,"Northern Ireland",1787720,693967,54.6039,-6.38077
"46","BT",2021-01-11,1,"Mon",2,"Northern Ireland",1787720,693967,54.6039,-6.38077
"47","BT",2021-01-07,1,"Thu",1,"Northern Ireland",1787720,693967,54.6039,-6.38077
"48","BT",2021-01-22,1,"Fri",4,"Northern Ireland",1787720,693967,54.6039,-6.38077
"49","BT",2021-01-15,1,"Fri",3,"Northern Ireland",1787720,693967,54.6039,-6.38077
"50","BT",2021-01-14,1,"Thu",2,"Northern Ireland",1787720,693967,54.6039,-6.38077
"51","CB",2021-01-18,1,"Mon",3,"Cambridge",421151,167640,52.2066,0.189185
"52","CB",2021-01-04,2,"Mon",1,"Cambridge",421151,167640,52.2066,0.189185
"53","CB",2021-01-28,1,"Thu",4,"Cambridge",421151,167640,52.2066,0.189185
"54","CB",2021-01-14,1,"Thu",2,"Cambridge",421151,167640,52.2066,0.189185
"55","CF",2021-01-25,1,"Mon",4,"Cardiff",1005305,419896,51.5343,-3.29378
"56","CF",2021-01-29,1,"Fri",5,"Cardiff",1005305,419896,51.5343,-3.29378
"57","CF",2021-01-28,1,"Thu",4,"Cardiff",1005305,419896,51.5343,-3.29378
"58","CF",2021-01-04,1,"Mon",1,"Cardiff",1005305,419896,51.5343,-3.29378
"59","CH",2021-01-13,1,"Wed",2,"Chester",659880,285880,53.2904,-3.0202
"60","CH",2021-01-28,1,"Thu",4,"Chester",659880,285880,53.2904,-3.0202
"61","CH",2021-01-20,1,"Wed",3,"Chester",659880,285880,53.2904,-3.0202
"62","CH",2021-01-25,2,"Mon",4,"Chester",659880,285880,53.2904,-3.0202
"63","CM",2021-01-18,1,"Mon",3,"Chelmsford",653626,270044,51.7583,0.403688
"64","CM",2021-01-07,1,"Thu",1,"Chelmsford",653626,270044,51.7583,0.403688
"65","CM",2021-01-05,1,"Tue",1,"Chelmsford",653626,270044,51.7583,0.403688
"66","CM",2021-01-15,1,"Fri",3,"Chelmsford",653626,270044,51.7583,0.403688
"67","CO",2021-01-14,1,"Thu",2,"Colchester",411411,176939,51.9028,0.924424
"68","CR",2021-01-08,1,"Fri",2,"Croydon",405236,158695,51.356,-0.103359
"69","CR",2021-01-11,1,"Mon",2,"Croydon",405236,158695,51.356,-0.103359
"70","CR",2021-01-25,1,"Mon",4,"Croydon",405236,158695,51.356,-0.103359
"71","CR",2021-01-20,1,"Wed",3,"Croydon",405236,158695,51.356,-0.103359
"72","CT",2021-01-28,1,"Thu",4,"Canterbury",482627,206290,51.2554,1.23163
"73","CT",2021-01-08,2,"Fri",2,"Canterbury",482627,206290,51.2554,1.23163
"74","CT",2021-01-07,1,"Thu",1,"Canterbury",482627,206290,51.2554,1.23163
"75","CT",2021-01-15,1,"Fri",3,"Canterbury",482627,206290,51.2554,1.23163
"76","CV",2021-01-19,1,"Tue",3,"Coventry",821033,341504,52.367,-1.50115
"77","CV",2021-01-13,2,"Wed",2,"Coventry",821033,341504,52.367,-1.50115
"78","CV",2021-01-18,2,"Mon",3,"Coventry",821033,341504,52.367,-1.50115
"79","CV",2021-01-07,1,"Thu",1,"Coventry",821033,341504,52.367,-1.50115
"80","CV",2021-01-25,3,"Mon",4,"Coventry",821033,341504,52.367,-1.50115
"81","CV",2021-01-28,2,"Thu",4,"Coventry",821033,341504,52.367,-1.50115
"82","CV",2021-01-21,1,"Thu",3,"Coventry",821033,341504,52.367,-1.50115
"83","CV",2021-01-20,1,"Wed",3,"Coventry",821033,341504,52.367,-1.50115
"84","CW",2021-01-20,1,"Wed",3,"Crewe",309487,130803,53.1549,-2.44978
"85","CW",2021-01-26,1,"Tue",4,"Crewe",309487,130803,53.1549,-2.44978
"86","DA",2021-01-26,1,"Tue",4,"Dartford",430139,173329,51.4422,0.220818
"87","DA",2021-01-12,1,"Tue",2,"Dartford",430139,173329,51.4422,0.220818
"88","DA",2021-01-19,1,"Tue",3,"Dartford",430139,173329,51.4422,0.220818
"89","DA",2021-01-08,1,"Fri",2,"Dartford",430139,173329,51.4422,0.220818
"90","DD",2021-01-05,1,"Tue",1,"Dundee",280568,128312,56.5368,-2.86456
"91","DD",2021-01-15,1,"Fri",3,"Dundee",280568,128312,56.5368,-2.86456
"92","DD",2021-01-25,1,"Mon",4,"Dundee",280568,128312,56.5368,-2.86456
"93","DD",2021-01-18,1,"Mon",3,"Dundee",280568,128312,56.5368,-2.86456
"94","DE",2021-01-13,1,"Wed",2,"Derby",730125,306586,52.933,-1.4916
"95","DE",2021-01-22,1,"Fri",4,"Derby",730125,306586,52.933,-1.4916
"96","DE",2021-01-20,2,"Wed",3,"Derby",730125,306586,52.933,-1.4916
"97","DH",2021-01-06,2,"Wed",1,"Durham",309030,132814,54.825,-1.61371
"98","DL",2021-01-08,1,"Fri",2,"Darlington",360734,156814,54.533,-1.65943
"99","DN",2021-01-05,1,"Tue",1,"Doncaster",756058,320303,53.5411,-0.720661
"100","DN",2021-01-18,1,"Mon",3,"Doncaster",756058,320303,53.5411,-0.720661
"101","DN",2021-01-25,1,"Mon",4,"Doncaster",756058,320303,53.5411,-0.720661
"102","DN",2021-01-20,1,"Wed",3,"Doncaster",756058,320303,53.5411,-0.720661
"103","DN",2021-01-12,1,"Tue",2,"Doncaster",756058,320303,53.5411,-0.720661
"104","DN",2021-01-04,1,"Mon",1,"Doncaster",756058,320303,53.5411,-0.720661
"105","DT",2021-01-15,1,"Fri",3,"Dorchester",212796,93053,50.7545,-2.48281
"106","E",2021-01-25,4,"Mon",4,"East London",989043,370613,51.5433,-0.0158065
"107","E",2021-01-18,1,"Mon",3,"East London",989043,370613,51.5433,-0.0158065
"108","E",2021-01-11,1,"Mon",2,"East London",989043,370613,51.5433,-0.0158065
"109","E",2021-01-07,1,"Thu",1,"East London",989043,370613,51.5433,-0.0158065
"110","E",2021-01-26,2,"Tue",4,"East London",989043,370613,51.5433,-0.0158065
"111","E",2021-01-15,2,"Fri",3,"East London",989043,370613,51.5433,-0.0158065
"112","E",2021-01-08,1,"Fri",2,"East London",989043,370613,51.5433,-0.0158065
"113","E",2021-01-22,1,"Fri",4,"East London",989043,370613,51.5433,-0.0158065
"114","E",2021-01-20,1,"Wed",3,"East London",989043,370613,51.5433,-0.0158065
"115","E",2021-01-05,1,"Tue",1,"East London",989043,370613,51.5433,-0.0158065
"116","EC",2021-01-14,2,"Thu",2,"Central London",33956,17102,51.5188,-0.0967667
"117","EC",2021-01-11,2,"Mon",2,"Central London",33956,17102,51.5188,-0.0967667
"118","EC",2021-01-26,3,"Tue",4,"Central London",33956,17102,51.5188,-0.0967667
"119","EC",2021-01-27,3,"Wed",4,"Central London",33956,17102,51.5188,-0.0967667
"120","EC",2021-01-13,1,"Wed",2,"Central London",33956,17102,51.5188,-0.0967667
"121","EC",2021-01-06,3,"Wed",1,"Central London",33956,17102,51.5188,-0.0967667
"122","EC",2021-01-07,2,"Thu",1,"Central London",33956,17102,51.5188,-0.0967667
"123","EC",2021-01-28,1,"Thu",4,"Central London",33956,17102,51.5188,-0.0967667
"124","EC",2021-01-19,1,"Tue",3,"Central London",33956,17102,51.5188,-0.0967667
"125","EC",2021-01-18,2,"Mon",3,"Central London",33956,17102,51.5188,-0.0967667
"126","EC",2021-01-25,2,"Mon",4,"Central London",33956,17102,51.5188,-0.0967667
"127","EC",2021-01-12,1,"Tue",2,"Central London",33956,17102,51.5188,-0.0967667
"128","EC",2021-01-05,1,"Tue",1,"Central London",33956,17102,51.5188,-0.0967667
"129","EH",2021-01-06,2,"Wed",1,"Edinburgh",868113,389353,55.9265,-3.22785
"130","EH",2021-01-12,1,"Tue",2,"Edinburgh",868113,389353,55.9265,-3.22785
"131","EH",2021-01-05,1,"Tue",1,"Edinburgh",868113,389353,55.9265,-3.22785
"132","EN",2021-01-22,1,"Fri",4,"Enfield",344780,137907,51.6817,-0.0863934
"133","EN",2021-01-21,1,"Thu",3,"Enfield",344780,137907,51.6817,-0.0863934
"134","EN",2021-01-26,1,"Tue",4,"Enfield",344780,137907,51.6817,-0.0863934
"135","EN",2021-01-28,1,"Thu",4,"Enfield",344780,137907,51.6817,-0.0863934
"136","EX",2021-01-19,1,"Tue",3,"Exeter",547401,235895,50.8269,-3.65636
"137","EX",2021-01-14,1,"Thu",2,"Exeter",547401,235895,50.8269,-3.65636
"138","EX",2021-01-12,1,"Tue",2,"Exeter",547401,235895,50.8269,-3.65636
"139","FK",2021-01-28,1,"Thu",4,"Falkirk and Stirling",276371,119790,56.0771,-3.85936
"140","FK",2021-01-12,1,"Tue",2,"Falkirk and Stirling",276371,119790,56.0771,-3.85936
"141","FY",2021-01-20,1,"Wed",3,"Blackpool",276593,125986,53.8249,-3.02269
"142","FY",2021-01-06,1,"Wed",1,"Blackpool",276593,125986,53.8249,-3.02269
"143","FY",2021-01-05,1,"Tue",1,"Blackpool",276593,125986,53.8249,-3.02269
"144","FY",2021-01-18,1,"Mon",3,"Blackpool",276593,125986,53.8249,-3.02269
"145","G",2021-01-18,2,"Mon",3,"Glasgow",1183614,540601,55.8688,-4.26814
"146","G",2021-01-29,1,"Fri",5,"Glasgow",1183614,540601,55.8688,-4.26814
"147","G",2021-01-22,2,"Fri",4,"Glasgow",1183614,540601,55.8688,-4.26814
"148","G",2021-01-06,1,"Wed",1,"Glasgow",1183614,540601,55.8688,-4.26814
"149","G",2021-01-27,1,"Wed",4,"Glasgow",1183614,540601,55.8688,-4.26814
"150","G",2021-01-26,1,"Tue",4,"Glasgow",1183614,540601,55.8688,-4.26814
"151","G",2021-01-25,1,"Mon",4,"Glasgow",1183614,540601,55.8688,-4.26814
"152","G",2021-01-15,1,"Fri",3,"Glasgow",1183614,540601,55.8688,-4.26814
"153","G",2021-01-07,1,"Thu",1,"Glasgow",1183614,540601,55.8688,-4.26814
"154","GL",2021-01-29,1,"Fri",5,"Gloucester",605458,257602,51.8367,-2.17728
"155","GL",2021-01-26,1,"Tue",4,"Gloucester",605458,257602,51.8367,-2.17728
"156","GL",2021-01-05,1,"Tue",1,"Gloucester",605458,257602,51.8367,-2.17728
"157","GL",2021-01-25,1,"Mon",4,"Gloucester",605458,257602,51.8367,-2.17728
"158","GL",2021-01-21,1,"Thu",3,"Gloucester",605458,257602,51.8367,-2.17728
"159","GL",2021-01-19,1,"Tue",3,"Gloucester",605458,257602,51.8367,-2.17728
"160","GL",2021-01-04,1,"Mon",1,"Gloucester",605458,257602,51.8367,-2.17728
"161","GL",2021-01-15,1,"Fri",3,"Gloucester",605458,257602,51.8367,-2.17728
"162","GU",2021-01-25,2,"Mon",4,"Guildford",726120,288537,51.2315,-0.717526
"163","GU",2021-01-15,1,"Fri",3,"Guildford",726120,288537,51.2315,-0.717526
"164","GU",2021-01-20,1,"Wed",3,"Guildford",726120,288537,51.2315,-0.717526
"165","GU",2021-01-21,2,"Thu",3,"Guildford",726120,288537,51.2315,-0.717526
"166","GU",2021-01-12,1,"Tue",2,"Guildford",726120,288537,51.2315,-0.717526
"167","GU",2021-01-04,1,"Mon",1,"Guildford",726120,288537,51.2315,-0.717526
"168","GU",2021-01-05,1,"Tue",1,"Guildford",726120,288537,51.2315,-0.717526
"169","HA",2021-01-04,1,"Mon",1,"Harrow",480678,169132,51.5852,-0.336033
"170","HA",2021-01-29,2,"Fri",5,"Harrow",480678,169132,51.5852,-0.336033
"171","HA",2021-01-22,2,"Fri",4,"Harrow",480678,169132,51.5852,-0.336033
"172","HA",2021-01-27,1,"Wed",4,"Harrow",480678,169132,51.5852,-0.336033
"173","HA",2021-01-19,1,"Tue",3,"Harrow",480678,169132,51.5852,-0.336033
"174","HA",2021-01-13,1,"Wed",2,"Harrow",480678,169132,51.5852,-0.336033
"175","HA",2021-01-26,1,"Tue",4,"Harrow",480678,169132,51.5852,-0.336033
"176","HA",2021-01-12,1,"Tue",2,"Harrow",480678,169132,51.5852,-0.336033
"177","HA",2021-01-21,1,"Thu",3,"Harrow",480678,169132,51.5852,-0.336033
"178","HA",2021-01-05,2,"Tue",1,"Harrow",480678,169132,51.5852,-0.336033
"179","HA",2021-01-18,1,"Mon",3,"Harrow",480678,169132,51.5852,-0.336033
"180","HA",2021-01-25,1,"Mon",4,"Harrow",480678,169132,51.5852,-0.336033
"181","HD",2021-01-21,2,"Thu",3,"Huddersfield",262843,111694,53.6301,-1.78266
"182","HD",2021-01-13,1,"Wed",2,"Huddersfield",262843,111694,53.6301,-1.78266
"183","HG",2021-01-14,1,"Thu",2,"Harrogate",138214,59455,54.0371,-1.54604
"184","HP",2021-01-11,1,"Mon",2,"Hemel Hempstead",488592,195951,51.7244,-0.691256
"185","HP",2021-01-18,1,"Mon",3,"Hemel Hempstead",488592,195951,51.7244,-0.691256
"186","HP",2021-01-07,1,"Thu",1,"Hemel Hempstead",488592,195951,51.7244,-0.691256
"187","HP",2021-01-19,1,"Tue",3,"Hemel Hempstead",488592,195951,51.7244,-0.691256
"188","HR",2021-01-25,1,"Mon",4,"Hereford",176308,75400,52.0657,-2.72002
"189","HR",2021-01-20,1,"Wed",3,"Hereford",176308,75400,52.0657,-2.72002
"190","HU",2021-01-05,1,"Tue",1,"Hull",443219,191836,53.7682,-0.353837
"191","HU",2021-01-26,1,"Tue",4,"Hull",443219,191836,53.7682,-0.353837
"192","HX",2021-01-08,1,"Fri",2,"Halifax",160137,68980,53.7204,-1.89284
"193","IG",2021-01-27,1,"Wed",4,"Ilford",335693,119754,51.584,0.0718971
"194","IG",2021-01-14,2,"Thu",2,"Ilford",335693,119754,51.584,0.0718971
"195","IG",2021-01-04,1,"Mon",1,"Ilford",335693,119754,51.584,0.0718971
"196","IG",2021-01-25,2,"Mon",4,"Ilford",335693,119754,51.584,0.0718971
"197","IP",2021-01-13,1,"Wed",2,"Ipswich",595883,252895,52.1951,1.08296
"198","IP",2021-01-21,1,"Thu",3,"Ipswich",595883,252895,52.1951,1.08296
"199","IP",2021-01-15,1,"Fri",3,"Ipswich",595883,252895,52.1951,1.08296
"200","IP",2021-01-20,1,"Wed",3,"Ipswich",595883,252895,52.1951,1.08296
"201","IV",2021-01-18,1,"Mon",3,"Inverness",228056,98990,57.5864,-4.11772
"202","KA",2021-01-18,1,"Mon",3,"Kilmarnock",370877,166467,55.5639,-4.60644
"203","KA",2021-01-12,1,"Tue",2,"Kilmarnock",370877,166467,55.5639,-4.60644
"204","KA",2021-01-07,1,"Thu",1,"Kilmarnock",370877,166467,55.5639,-4.60644
"205","KT",2021-01-21,2,"Thu",3,"Kingston upon Thames",529633,214274,51.3599,-0.343258
"206","KT",2021-01-25,1,"Mon",4,"Kingston upon Thames",529633,214274,51.3599,-0.343258
"207","KT",2021-01-18,1,"Mon",3,"Kingston upon Thames",529633,214274,51.3599,-0.343258
"208","KT",2021-01-26,1,"Tue",4,"Kingston upon Thames",529633,214274,51.3599,-0.343258
"209","KT",2021-01-22,1,"Fri",4,"Kingston upon Thames",529633,214274,51.3599,-0.343258
"210","KT",2021-01-20,1,"Wed",3,"Kingston upon Thames",529633,214274,51.3599,-0.343258
"211","KT",2021-01-04,4,"Mon",1,"Kingston upon Thames",529633,214274,51.3599,-0.343258
"212","KY",2021-01-18,1,"Mon",3,"Kirkcaldy",363956,160089,56.1624,-3.21271
"213","KY",2021-01-12,1,"Tue",2,"Kirkcaldy",363956,160089,56.1624,-3.21271
"214","L",2021-01-07,1,"Thu",1,"Liverpool",856675,370680,53.4159,-2.96283
"215","L",2021-01-29,1,"Fri",5,"Liverpool",856675,370680,53.4159,-2.96283
"216","L",2021-01-18,1,"Mon",3,"Liverpool",856675,370680,53.4159,-2.96283
"217","L",2021-01-27,1,"Wed",4,"Liverpool",856675,370680,53.4159,-2.96283
"218","L",2021-01-14,1,"Thu",2,"Liverpool",856675,370680,53.4159,-2.96283
"219","L",2021-01-04,1,"Mon",1,"Liverpool",856675,370680,53.4159,-2.96283
"220","LA",2021-01-14,1,"Thu",2,"Lancaster",328926,143213,54.1711,-2.90451
"221","LA",2021-01-13,1,"Wed",2,"Lancaster",328926,143213,54.1711,-2.90451
"222","LA",2021-01-27,1,"Wed",4,"Lancaster",328926,143213,54.1711,-2.90451
"223","LE",2021-01-14,1,"Thu",2,"Leicester",985352,391460,52.6442,-1.14869
"224","LE",2021-01-08,1,"Fri",2,"Leicester",985352,391460,52.6442,-1.14869
"225","LE",2021-01-20,2,"Wed",3,"Leicester",985352,391460,52.6442,-1.14869
"226","LL",2021-01-04,1,"Mon",1,"Llandudno",537252,232655,53.1333,-3.71585
"227","LL",2021-01-26,1,"Tue",4,"Llandudno",537252,232655,53.1333,-3.71585
"228","LL",2021-01-13,1,"Wed",2,"Llandudno",537252,232655,53.1333,-3.71585
"229","LN",2021-01-27,1,"Wed",4,"Lincoln",293141,126372,53.2566,-0.357245
"230","LN",2021-01-20,1,"Wed",3,"Lincoln",293141,126372,53.2566,-0.357245
"231","LS",2021-01-08,2,"Fri",2,"Leeds",774677,330676,53.8227,-1.55286
"232","LS",2021-01-05,1,"Tue",1,"Leeds",774677,330676,53.8227,-1.55286
"233","LS",2021-01-19,1,"Tue",3,"Leeds",774677,330676,53.8227,-1.55286
"234","LS",2021-01-06,1,"Wed",1,"Leeds",774677,330676,53.8227,-1.55286
"235","LS",2021-01-28,1,"Thu",4,"Leeds",774677,330676,53.8227,-1.55286
"236","LS",2021-01-25,1,"Mon",4,"Leeds",774677,330676,53.8227,-1.55286
"237","LS",2021-01-20,3,"Wed",3,"Leeds",774677,330676,53.8227,-1.55286
"238","LU",2021-01-18,2,"Mon",3,"Luton",336095,129149,51.8965,-0.509728
"239","LU",2021-01-15,1,"Fri",3,"Luton",336095,129149,51.8965,-0.509728
"240","LU",2021-01-25,1,"Mon",4,"Luton",336095,129149,51.8965,-0.509728
"241","LU",2021-01-20,1,"Wed",3,"Luton",336095,129149,51.8965,-0.509728
"242","LU",2021-01-07,1,"Thu",1,"Luton",336095,129149,51.8965,-0.509728
"243","M",2021-01-06,1,"Wed",1,"Manchester",1167414,492884,53.4788,-2.27172
"244","M",2021-01-07,1,"Thu",1,"Manchester",1167414,492884,53.4788,-2.27172
"245","M",2021-01-25,4,"Mon",4,"Manchester",1167414,492884,53.4788,-2.27172
"246","M",2021-01-30,1,"Sat",5,"Manchester",1167414,492884,53.4788,-2.27172
"247","M",2021-01-28,1,"Thu",4,"Manchester",1167414,492884,53.4788,-2.27172
"248","M",2021-01-15,1,"Fri",3,"Manchester",1167414,492884,53.4788,-2.27172
"249","M",2021-01-27,1,"Wed",4,"Manchester",1167414,492884,53.4788,-2.27172
"250","M",2021-01-04,3,"Mon",1,"Manchester",1167414,492884,53.4788,-2.27172
"251","M",2021-01-20,1,"Wed",3,"Manchester",1167414,492884,53.4788,-2.27172
"252","ME",2021-01-19,1,"Tue",3,"Rochester",606891,245786,51.3338,0.584496
"253","ME",2021-01-21,1,"Thu",3,"Rochester",606891,245786,51.3338,0.584496
"254","MK",2021-01-25,2,"Mon",4,"Milton Keynes",508035,202926,52.0622,-0.665989
"255","MK",2021-01-20,1,"Wed",3,"Milton Keynes",508035,202926,52.0622,-0.665989
"256","MK",2021-01-27,1,"Wed",4,"Milton Keynes",508035,202926,52.0622,-0.665989
"257","ML",2021-01-20,1,"Wed",3,"Motherwell",382997,168005,55.7764,-3.94401
"258","N",2021-01-08,3,"Fri",2,"North London",847197,344938,51.5853,-0.114125
"259","N",2021-01-18,1,"Mon",3,"North London",847197,344938,51.5853,-0.114125
"260","N",2021-01-25,1,"Mon",4,"North London",847197,344938,51.5853,-0.114125
"261","N",2021-01-21,2,"Thu",3,"North London",847197,344938,51.5853,-0.114125
"262","N",2021-01-19,4,"Tue",3,"North London",847197,344938,51.5853,-0.114125
"263","N",2021-01-13,1,"Wed",2,"North London",847197,344938,51.5853,-0.114125
"264","N",2021-01-26,2,"Tue",4,"North London",847197,344938,51.5853,-0.114125
"265","N",2021-01-11,3,"Mon",2,"North London",847197,344938,51.5853,-0.114125
"266","N",2021-01-06,2,"Wed",1,"North London",847197,344938,51.5853,-0.114125
"267","N",2021-01-27,3,"Wed",4,"North London",847197,344938,51.5853,-0.114125
"268","N",2021-01-05,3,"Tue",1,"North London",847197,344938,51.5853,-0.114125
"269","N",2021-01-29,1,"Fri",5,"North London",847197,344938,51.5853,-0.114125
"270","N",2021-01-22,2,"Fri",4,"North London",847197,344938,51.5853,-0.114125
"271","N",2021-01-28,2,"Thu",4,"North London",847197,344938,51.5853,-0.114125
"272","N",2021-01-20,3,"Wed",3,"North London",847197,344938,51.5853,-0.114125
"273","NE",2021-01-18,1,"Mon",3,"Newcastle upon Tyne",1162976,510229,55.0364,-1.64214
"274","NE",2021-01-12,1,"Tue",2,"Newcastle upon Tyne",1162976,510229,55.0364,-1.64214
"275","NE",2021-01-15,1,"Fri",3,"Newcastle upon Tyne",1162976,510229,55.0364,-1.64214
"276","NE",2021-01-14,1,"Thu",2,"Newcastle upon Tyne",1162976,510229,55.0364,-1.64214
"277","NE",2021-01-25,1,"Mon",4,"Newcastle upon Tyne",1162976,510229,55.0364,-1.64214
"278","NE",2021-01-13,1,"Wed",2,"Newcastle upon Tyne",1162976,510229,55.0364,-1.64214
"279","NE",2021-01-06,3,"Wed",1,"Newcastle upon Tyne",1162976,510229,55.0364,-1.64214
"280","NG",2021-01-25,1,"Mon",4,"Nottingham",1163617,493228,53.0055,-1.07231
"281","NG",2021-01-27,1,"Wed",4,"Nottingham",1163617,493228,53.0055,-1.07231
"282","NG",2021-01-11,1,"Mon",2,"Nottingham",1163617,493228,53.0055,-1.07231
"283","NG",2021-01-20,1,"Wed",3,"Nottingham",1163617,493228,53.0055,-1.07231
"284","NG",2021-01-18,2,"Mon",3,"Nottingham",1163617,493228,53.0055,-1.07231
"285","NG",2021-01-28,1,"Thu",4,"Nottingham",1163617,493228,53.0055,-1.07231
"286","NG",2021-01-15,1,"Fri",3,"Nottingham",1163617,493228,53.0055,-1.07231
"287","NG",2021-01-12,1,"Tue",2,"Nottingham",1163617,493228,53.0055,-1.07231
"288","NN",2021-01-05,1,"Tue",1,"Northampton",653055,272356,52.2888,-0.841005
"289","NN",2021-01-27,1,"Wed",4,"Northampton",653055,272356,52.2888,-0.841005
"290","NN",2021-01-29,1,"Fri",5,"Northampton",653055,272356,52.2888,-0.841005
"291","NN",2021-01-13,1,"Wed",2,"Northampton",653055,272356,52.2888,-0.841005
"292","NN",2021-01-04,1,"Mon",1,"Northampton",653055,272356,52.2888,-0.841005
"293","NN",2021-01-11,2,"Mon",2,"Northampton",653055,272356,52.2888,-0.841005
"294","NN",2021-01-08,1,"Fri",2,"Northampton",653055,272356,52.2888,-0.841005
"295","NN",2021-01-28,1,"Thu",4,"Northampton",653055,272356,52.2888,-0.841005
"296","NN",2021-01-18,1,"Mon",3,"Northampton",653055,272356,52.2888,-0.841005
"297","NN",2021-01-06,1,"Wed",1,"Northampton",653055,272356,52.2888,-0.841005
"298","NR",2021-01-06,1,"Wed",1,"Norwich",722618,315784,52.6461,1.34009
"299","NR",2021-01-30,1,"Sat",5,"Norwich",722618,315784,52.6461,1.34009
"300","NR",2021-01-08,1,"Fri",2,"Norwich",722618,315784,52.6461,1.34009
"301","NW",2021-01-29,1,"Fri",5,"North West London",553732,222208,51.5549,-0.196899
"302","NW",2021-01-04,1,"Mon",1,"North West London",553732,222208,51.5549,-0.196899
"303","NW",2021-01-25,1,"Mon",4,"North West London",553732,222208,51.5549,-0.196899
"304","NW",2021-01-21,1,"Thu",3,"North West London",553732,222208,51.5549,-0.196899
"305","NW",2021-01-07,1,"Thu",1,"North West London",553732,222208,51.5549,-0.196899
"306","NW",2021-01-26,1,"Tue",4,"North West London",553732,222208,51.5549,-0.196899
"307","NW",2021-01-11,1,"Mon",2,"North West London",553732,222208,51.5549,-0.196899
"308","NW",2021-01-27,1,"Wed",4,"North West London",553732,222208,51.5549,-0.196899
"309","NW",2021-01-13,1,"Wed",2,"North West London",553732,222208,51.5549,-0.196899
"310","NW",2021-01-18,1,"Mon",3,"North West London",553732,222208,51.5549,-0.196899
"311","OL",2021-01-08,1,"Fri",2,"Oldham",462590,188194,53.5817,-2.12594
"312","OL",2021-01-13,1,"Wed",2,"Oldham",462590,188194,53.5817,-2.12594
"313","OX",2021-01-04,1,"Mon",1,"Oxford",613492,242551,51.7956,-1.2908
"314","OX",2021-01-08,1,"Fri",2,"Oxford",613492,242551,51.7956,-1.2908
"315","OX",2021-01-29,1,"Fri",5,"Oxford",613492,242551,51.7956,-1.2908
"316","PA",2021-01-18,1,"Mon",3,"Paisley",321350,148778,56.0696,-4.9108
"317","PE",2021-01-12,2,"Tue",2,"Peterborough",890470,373108,52.6268,-0.0450096
"318","PE",2021-01-29,1,"Fri",5,"Peterborough",890470,373108,52.6268,-0.0450096
"319","PE",2021-01-28,1,"Thu",4,"Peterborough",890470,373108,52.6268,-0.0450096
"320","PE",2021-01-08,1,"Fri",2,"Peterborough",890470,373108,52.6268,-0.0450096
"321","PH",2021-01-22,1,"Fri",4,"Perth",165118,73021,56.5621,-3.73356
"322","PL",2021-01-14,1,"Thu",2,"Plymouth",543016,232152,50.4279,-4.32643
"323","PL",2021-01-18,1,"Mon",3,"Plymouth",543016,232152,50.4279,-4.32643
"324","PL",2021-01-20,1,"Wed",3,"Plymouth",543016,232152,50.4279,-4.32643
"325","PO",2021-01-11,1,"Mon",2,"Portsmouth",822540,352453,50.8021,-1.03488
"326","PO",2021-01-06,1,"Wed",1,"Portsmouth",822540,352453,50.8021,-1.03488
"327","PO",2021-01-18,1,"Mon",3,"Portsmouth",822540,352453,50.8021,-1.03488
"328","PO",2021-01-21,2,"Thu",3,"Portsmouth",822540,352453,50.8021,-1.03488
"329","PO",2021-01-22,1,"Fri",4,"Portsmouth",822540,352453,50.8021,-1.03488
"330","PO",2021-01-25,1,"Mon",4,"Portsmouth",822540,352453,50.8021,-1.03488
"331","PO",2021-01-27,2,"Wed",4,"Portsmouth",822540,352453,50.8021,-1.03488
"332","PR",2021-01-05,1,"Tue",1,"Preston",520366,219388,53.7225,-2.75206
"333","PR",2021-01-27,1,"Wed",4,"Preston",520366,219388,53.7225,-2.75206
"334","PR",2021-01-18,1,"Mon",3,"Preston",520366,219388,53.7225,-2.75206
"335","PR",2021-01-29,1,"Fri",5,"Preston",520366,219388,53.7225,-2.75206
"336","PR",2021-01-08,1,"Fri",2,"Preston",520366,219388,53.7225,-2.75206
"337","PR",2021-01-19,1,"Tue",3,"Preston",520366,219388,53.7225,-2.75206
"338","RG",2021-01-25,2,"Mon",4,"Reading",778419,314408,51.4046,-1.02746
"339","RG",2021-01-15,1,"Fri",3,"Reading",778419,314408,51.4046,-1.02746
"340","RG",2021-01-11,1,"Mon",2,"Reading",778419,314408,51.4046,-1.02746
"341","RH",2021-01-12,1,"Tue",2,"Redhill",531923,217143,51.1101,-0.208314
"342","RH",2021-01-22,1,"Fri",4,"Redhill",531923,217143,51.1101,-0.208314
"343","RH",2021-01-04,1,"Mon",1,"Redhill",531923,217143,51.1101,-0.208314
"344","RH",2021-01-15,1,"Fri",3,"Redhill",531923,217143,51.1101,-0.208314
"345","RM",2021-01-11,1,"Mon",2,"Romford",517305,205322,51.5469,0.217324
"346","RM",2021-01-20,1,"Wed",3,"Romford",517305,205322,51.5469,0.217324
"347","RM",2021-01-14,2,"Thu",2,"Romford",517305,205322,51.5469,0.217324
"348","RM",2021-01-04,2,"Mon",1,"Romford",517305,205322,51.5469,0.217324
"349","S",2021-01-08,2,"Fri",2,"Sheffield",1358186,578058,53.3939,-1.41211
"350","S",2021-01-27,1,"Wed",4,"Sheffield",1358186,578058,53.3939,-1.41211
"351","S",2021-01-21,1,"Thu",3,"Sheffield",1358186,578058,53.3939,-1.41211
"352","S",2021-01-13,1,"Wed",2,"Sheffield",1358186,578058,53.3939,-1.41211
"353","SA",2021-01-26,1,"Tue",4,"Swansea",730075,315791,51.7606,-4.20649
"354","SA",2021-01-08,1,"Fri",2,"Swansea",730075,315791,51.7606,-4.20649
"355","SA",2021-01-13,1,"Wed",2,"Swansea",730075,315791,51.7606,-4.20649
"356","SA",2021-01-12,1,"Tue",2,"Swansea",730075,315791,51.7606,-4.20649
"357","SA",2021-01-18,1,"Mon",3,"Swansea",730075,315791,51.7606,-4.20649
"358","SA",2021-01-11,1,"Mon",2,"Swansea",730075,315791,51.7606,-4.20649
"359","SE",2021-01-08,1,"Fri",2,"South East London",988126,412444,51.4669,-0.0357682
"360","SE",2021-01-21,2,"Thu",3,"South East London",988126,412444,51.4669,-0.0357682
"361","SE",2021-01-05,2,"Tue",1,"South East London",988126,412444,51.4669,-0.0357682
"362","SE",2021-01-11,2,"Mon",2,"South East London",988126,412444,51.4669,-0.0357682
"363","SE",2021-01-20,1,"Wed",3,"South East London",988126,412444,51.4669,-0.0357682
"364","SE",2021-01-27,1,"Wed",4,"South East London",988126,412444,51.4669,-0.0357682
"365","SE",2021-01-04,4,"Mon",1,"South East London",988126,412444,51.4669,-0.0357682
"366","SE",2021-01-07,1,"Thu",1,"South East London",988126,412444,51.4669,-0.0357682
"367","SE",2021-01-18,2,"Mon",3,"South East London",988126,412444,51.4669,-0.0357682
"368","SE",2021-01-06,1,"Wed",1,"South East London",988126,412444,51.4669,-0.0357682
"369","SE",2021-01-22,2,"Fri",4,"South East London",988126,412444,51.4669,-0.0357682
"370","SE",2021-01-19,1,"Tue",3,"South East London",988126,412444,51.4669,-0.0357682
"371","SG",2021-01-11,1,"Mon",2,"Stevenage",402479,167182,51.9469,-0.159247
"372","SG",2021-01-29,1,"Fri",5,"Stevenage",402479,167182,51.9469,-0.159247
"373","SG",2021-01-04,2,"Mon",1,"Stevenage",402479,167182,51.9469,-0.159247
"374","SK",2021-01-04,1,"Mon",1,"Stockport",603540,260549,53.3713,-2.09839
"375","SK",2021-01-19,1,"Tue",3,"Stockport",603540,260549,53.3713,-2.09839
"376","SK",2021-01-14,2,"Thu",2,"Stockport",603540,260549,53.3713,-2.09839
"377","SK",2021-01-13,1,"Wed",2,"Stockport",603540,260549,53.3713,-2.09839
"378","SL",2021-01-05,1,"Tue",1,"Slough",373407,144554,51.5153,-0.642168
"379","SL",2021-01-13,1,"Wed",2,"Slough",373407,144554,51.5153,-0.642168
"380","SL",2021-01-25,1,"Mon",4,"Slough",373407,144554,51.5153,-0.642168
"381","SL",2021-01-04,1,"Mon",1,"Slough",373407,144554,51.5153,-0.642168
"382","SL",2021-01-27,1,"Wed",4,"Slough",373407,144554,51.5153,-0.642168
"383","SL",2021-01-06,1,"Wed",1,"Slough",373407,144554,51.5153,-0.642168
"384","SM",2021-01-18,1,"Mon",3,"Sutton",217171,87907,51.3628,-0.184508
"385","SN",2021-01-05,1,"Tue",1,"Swindon",458798,191252,51.5058,-1.8941
"386","SN",2021-01-04,1,"Mon",1,"Swindon",458798,191252,51.5058,-1.8941
"387","SO",2021-01-15,1,"Fri",3,"Southampton",665472,276330,50.9297,-1.39187
"388","SO",2021-01-04,1,"Mon",1,"Southampton",665472,276330,50.9297,-1.39187
"389","SO",2021-01-25,1,"Mon",4,"Southampton",665472,276330,50.9297,-1.39187
"390","SP",2021-01-20,1,"Wed",3,"Salisbury",232282,94658,51.109,-1.77879
"391","SR",2021-01-04,1,"Mon",1,"Sunderland",250843,109612,54.8766,-1.38946
"392","SR",2021-01-21,1,"Thu",3,"Sunderland",250843,109612,54.8766,-1.38946
"393","SS",2021-01-19,1,"Tue",3,"Southend-on-Sea",518631,216682,51.5622,0.599811
"394","SS",2021-01-04,1,"Mon",1,"Southend-on-Sea",518631,216682,51.5622,0.599811
"395","SS",2021-01-26,1,"Tue",4,"Southend-on-Sea",518631,216682,51.5622,0.599811
"396","SS",2021-01-08,1,"Fri",2,"Southend-on-Sea",518631,216682,51.5622,0.599811
"397","SS",2021-01-13,2,"Wed",2,"Southend-on-Sea",518631,216682,51.5622,0.599811
"398","ST",2021-01-21,1,"Thu",3,"Stoke-on-Trent",644416,275646,52.9777,-2.14642
"399","ST",2021-01-04,2,"Mon",1,"Stoke-on-Trent",644416,275646,52.9777,-2.14642
"400","ST",2021-01-19,1,"Tue",3,"Stoke-on-Trent",644416,275646,52.9777,-2.14642
"401","ST",2021-01-07,1,"Thu",1,"Stoke-on-Trent",644416,275646,52.9777,-2.14642
"402","ST",2021-01-08,1,"Fri",2,"Stoke-on-Trent",644416,275646,52.9777,-2.14642
"403","SW",2021-01-20,1,"Wed",3,"South West London",877183,382790,51.4641,-0.167496
"404","SW",2021-01-25,1,"Mon",4,"South West London",877183,382790,51.4641,-0.167496
"405","SW",2021-01-18,1,"Mon",3,"South West London",877183,382790,51.4641,-0.167496
"406","SW",2021-01-19,2,"Tue",3,"South West London",877183,382790,51.4641,-0.167496
"407","SW",2021-01-28,1,"Thu",4,"South West London",877183,382790,51.4641,-0.167496
"408","SW",2021-01-04,2,"Mon",1,"South West London",877183,382790,51.4641,-0.167496
"409","SW",2021-01-27,2,"Wed",4,"South West London",877183,382790,51.4641,-0.167496
"410","SW",2021-01-07,1,"Thu",1,"South West London",877183,382790,51.4641,-0.167496
"411","SW",2021-01-26,1,"Tue",4,"South West London",877183,382790,51.4641,-0.167496
"412","SW",2021-01-12,1,"Tue",2,"South West London",877183,382790,51.4641,-0.167496
"413","SW",2021-01-06,2,"Wed",1,"South West London",877183,382790,51.4641,-0.167496
"414","SY",2021-01-26,1,"Tue",4,"Shrewsbury",341952,144660,52.6644,-3.04745
"415","TA",2021-01-25,1,"Mon",4,"Taunton",322408,139414,51.0557,-3.06672
"416","TA",2021-01-06,1,"Wed",1,"Taunton",322408,139414,51.0557,-3.06672
"417","TA",2021-01-28,2,"Thu",4,"Taunton",322408,139414,51.0557,-3.06672
"418","TD",2021-01-29,1,"Fri",5,"Galashiels",112644,52111,55.6146,-2.5244
"419","TF",2021-01-28,1,"Thu",4,"Telford",212536,85637,52.713,-2.46187
"420","TN",2021-01-06,1,"Wed",1,"Tonbridge",681747,286228,51.0853,0.441929
"421","TN",2021-01-11,1,"Mon",2,"Tonbridge",681747,286228,51.0853,0.441929
"422","TN",2021-01-26,1,"Tue",4,"Tonbridge",681747,286228,51.0853,0.441929
"423","TN",2021-01-13,1,"Wed",2,"Tonbridge",681747,286228,51.0853,0.441929
"424","TN",2021-01-12,1,"Tue",2,"Tonbridge",681747,286228,51.0853,0.441929
"425","TN",2021-01-27,1,"Wed",4,"Tonbridge",681747,286228,51.0853,0.441929
"426","TN",2021-01-04,1,"Mon",1,"Tonbridge",681747,286228,51.0853,0.441929
"427","TR",2021-01-27,1,"Wed",4,"Truro",294061,127803,50.2111,-5.24354
"428","TS",2021-01-06,1,"Wed",1,"Cleveland",602320,256341,54.5849,-1.22401
"429","TS",2021-01-26,1,"Tue",4,"Cleveland",602320,256341,54.5849,-1.22401
"430","TS",2021-01-15,2,"Fri",3,"Cleveland",602320,256341,54.5849,-1.22401
"431","TS",2021-01-13,1,"Wed",2,"Cleveland",602320,256341,54.5849,-1.22401
"432","TW",2021-01-14,1,"Thu",2,"Twickenham",491918,193508,51.4486,-0.39003
"433","TW",2021-01-20,1,"Wed",3,"Twickenham",491918,193508,51.4486,-0.39003
"434","TW",2021-01-13,2,"Wed",2,"Twickenham",491918,193508,51.4486,-0.39003
"435","TW",2021-01-19,1,"Tue",3,"Twickenham",491918,193508,51.4486,-0.39003
"436","TW",2021-01-29,1,"Fri",5,"Twickenham",491918,193508,51.4486,-0.39003
"437","TW",2021-01-18,1,"Mon",3,"Twickenham",491918,193508,51.4486,-0.39003
"438","UB",2021-01-21,1,"Thu",3,"Southall",371413,126879,51.5277,-0.417142
"439","UB",2021-01-25,1,"Mon",4,"Southall",371413,126879,51.5277,-0.417142
"440","UB",2021-01-05,1,"Tue",1,"Southall",371413,126879,51.5277,-0.417142
"441","UB",2021-01-13,1,"Wed",2,"Southall",371413,126879,51.5277,-0.417142
"442","W",2021-01-28,2,"Thu",4,"West London",531690,236493,51.5115,-0.192941
"443","W",2021-01-26,1,"Tue",4,"West London",531690,236493,51.5115,-0.192941
"444","W",2021-01-08,1,"Fri",2,"West London",531690,236493,51.5115,-0.192941
"445","W",2021-01-25,1,"Mon",4,"West London",531690,236493,51.5115,-0.192941
"446","W",2021-01-04,1,"Mon",1,"West London",531690,236493,51.5115,-0.192941
"447","W",2021-01-18,1,"Mon",3,"West London",531690,236493,51.5115,-0.192941
"448","W",2021-01-07,2,"Thu",1,"West London",531690,236493,51.5115,-0.192941
"449","W",2021-01-06,3,"Wed",1,"West London",531690,236493,51.5115,-0.192941
"450","W",2021-01-11,3,"Mon",2,"West London",531690,236493,51.5115,-0.192941
"451","W",2021-01-27,1,"Wed",4,"West London",531690,236493,51.5115,-0.192941
"452","W",2021-01-29,2,"Fri",5,"West London",531690,236493,51.5115,-0.192941
"453","W",2021-01-12,2,"Tue",2,"West London",531690,236493,51.5115,-0.192941
"454","W",2021-01-22,2,"Fri",4,"West London",531690,236493,51.5115,-0.192941
"455","W",2021-01-15,1,"Fri",3,"West London",531690,236493,51.5115,-0.192941
"456","W",2021-01-05,1,"Tue",1,"West London",531690,236493,51.5115,-0.192941
"457","W",2021-01-20,1,"Wed",3,"West London",531690,236493,51.5115,-0.192941
"458","W",2021-01-21,3,"Thu",3,"West London",531690,236493,51.5115,-0.192941
"459","WA",2021-01-25,1,"Mon",4,"Warrington",616482,261804,53.3905,-2.59128
"460","WA",2021-01-06,1,"Wed",1,"Warrington",616482,261804,53.3905,-2.59128
"461","WA",2021-01-19,1,"Tue",3,"Warrington",616482,261804,53.3905,-2.59128
"462","WA",2021-01-11,1,"Mon",2,"Warrington",616482,261804,53.3905,-2.59128
"463","WA",2021-01-18,1,"Mon",3,"Warrington",616482,261804,53.3905,-2.59128
"464","WA",2021-01-04,1,"Mon",1,"Warrington",616482,261804,53.3905,-2.59128
"465","WA",2021-01-20,1,"Wed",3,"Warrington",616482,261804,53.3905,-2.59128
"466","WC",2021-01-08,1,"Fri",2,"Central London",35745,15757,51.5176,-0.122567
"467","WC",2021-01-22,1,"Fri",4,"Central London",35745,15757,51.5176,-0.122567
"468","WC",2021-01-07,4,"Thu",1,"Central London",35745,15757,51.5176,-0.122567
"469","WC",2021-01-11,4,"Mon",2,"Central London",35745,15757,51.5176,-0.122567
"470","WC",2021-01-14,1,"Thu",2,"Central London",35745,15757,51.5176,-0.122567
"471","WC",2021-01-06,1,"Wed",1,"Central London",35745,15757,51.5176,-0.122567
"472","WC",2021-01-25,4,"Mon",4,"Central London",35745,15757,51.5176,-0.122567
"473","WC",2021-01-20,1,"Wed",3,"Central London",35745,15757,51.5176,-0.122567
"474","WC",2021-01-18,1,"Mon",3,"Central London",35745,15757,51.5176,-0.122567
"475","WC",2021-01-27,5,"Wed",4,"Central London",35745,15757,51.5176,-0.122567
"476","WC",2021-01-15,2,"Fri",3,"Central London",35745,15757,51.5176,-0.122567
"477","WC",2021-01-13,3,"Wed",2,"Central London",35745,15757,51.5176,-0.122567
"478","WC",2021-01-05,2,"Tue",1,"Central London",35745,15757,51.5176,-0.122567
"479","WC",2021-01-28,2,"Thu",4,"Central London",35745,15757,51.5176,-0.122567
"480","WC",2021-01-29,1,"Fri",5,"Central London",35745,15757,51.5176,-0.122567
"481","WC",2021-01-19,4,"Tue",3,"Central London",35745,15757,51.5176,-0.122567
"482","WC",2021-01-12,2,"Tue",2,"Central London",35745,15757,51.5176,-0.122567
"483","WD",2021-01-20,1,"Wed",3,"Watford",256476,103336,51.6587,-0.393658
"484","WD",2021-01-18,1,"Mon",3,"Watford",256476,103336,51.6587,-0.393658
"485","WF",2021-01-06,1,"Wed",1,"Wakefield",512784,214107,53.6855,-1.49635
"486","WF",2021-01-12,1,"Tue",2,"Wakefield",512784,214107,53.6855,-1.49635
"487","WF",2021-01-11,1,"Mon",2,"Wakefield",512784,214107,53.6855,-1.49635
"488","WF",2021-01-13,1,"Wed",2,"Wakefield",512784,214107,53.6855,-1.49635
"489","WN",2021-01-25,1,"Mon",4,"Wigan",309156,131514,53.5344,-2.63744
"490","WN",2021-01-04,1,"Mon",1,"Wigan",309156,131514,53.5344,-2.63744
"491","WN",2021-01-20,1,"Wed",3,"Wigan",309156,131514,53.5344,-2.63744
"492","WR",2021-01-08,1,"Fri",2,"Worcester",287838,122730,52.1631,-2.16848
"493","WR",2021-01-06,1,"Wed",1,"Worcester",287838,122730,52.1631,-2.16848
"494","WS",2021-01-26,1,"Tue",4,"Walsall",449728,181669,52.6494,-1.95713
"495","WS",2021-01-21,1,"Thu",3,"Walsall",449728,181669,52.6494,-1.95713
"496","WV",2021-01-26,1,"Tue",4,"Wolverhampton",396187,162933,52.5808,-2.16213
"497","YO",2021-01-18,1,"Mon",3,"York",562761,242140,54.045,-0.887184
"498","YO",2021-01-19,1,"Tue",3,"York",562761,242140,54.045,-0.887184
"499","YO",2021-01-21,1,"Thu",3,"York",562761,242140,54.045,-0.887184
